1001,JoãoSilva,João,Silva,JoãoSilva@teste.com,123456,61999999999,0
1002,JoãoSousa,João,Sousa,JoãoSousa@teste.com,654321,91999999999,0
1003,JoãoGodoi,João,Godoi,JoãoGodoi@teste.com,125634,34999999999,0
1004,JoãoGodinho,João,Godinho,JoãoGodinho@teste.com,652134,11999999999,0
1005,MariaSousa,Maria,Sousa,MariaSousa@teste.com,125634,11999999999,0
1006,MariaGodoi,Maria,Godoi,MariaGodoi@teste.com,652134,61999999999,0
1007,MariaGodinho,Maria,Godinho,MariaGodinho@teste.com,123456,91999999999,0
1008,MariaSilva,Maria,Silva,MariaSilva@teste.com,654321,34999999999,0
1009,JoséGodoi,José,Godoi,JoséGodoi@teste.com,123456,61999999999,0
1010,JoséGodinho,José,Godinho,JoséGodinho@teste.com,654321,91999999999,0
1011,JoséSilva,José,Silva,JoséSilva@teste.com,123456,34999999999,0
1012,JoséSousa,José,Sousa,JoséSousa@teste.com,654321,11999999999,0
1013,José2Silva,José2,Silva,José2Silva@teste.com,125634,61999999999,0
1014,José2Sousa,José2,Sousa,José2Sousa@teste.com,652134,91999999999,0
1015,RitaGodinho,Rita,Godinho,RitaGodinho@teste.com,123456,11999999999,0
1016,RitaSousa,Rita,Sousa,RitaSousa@teste.com,125634,91999999999,0
1017,RitaSilva,Rita,Silva,RitaSilva@teste.com,652134,61999999999,0
1018,RitaGodoi,Rita,Godoi,RitaGodoi@teste.com,654321,34999999999,0
1019,ClaudiaSilva,Claudia,Silva,ClaudiaSilva@teste.com,125634,61999999999,0
1020,ClaudiaSousa,Claudia,Sousa,ClaudiaSousa@teste.com,652134,91999999999,0
1021,Claudia2Silva,Claudia2,Silva,Claudia2Silva@teste.com,123456,34999999999,0
1022,Claudia2Sousa,Claudia2,Sousa,Claudia2Sousa@teste.com,654321,11999999999,0
1023,ClaudiaGodoi,Claudia,Godoi,ClaudiaGodoi@teste.com,123456,61999999999,0
1024,ClaudiaGodinho,Claudia,Godinho,ClaudiaGodinho@teste.com,654321,91999999999,0
1025,PedroSousa,Pedro,Sousa,PedroSousa@teste.com,123456,11999999999,0
1026,PedroSilva,Pedro,Silva,PedroSilva@teste.com,654321,61999999999,0
1027,Pedro2Sousa,Pedro2,Sousa,Pedro2Sousa@teste.com,123456,91999999999,0
1028,PedroGodoi,Pedro,Godoi,PedroGodoi@teste.com,654321,61999999999,0
1029,PedroGodinho,Pedro,Godinho,PedroGodinho@teste.com,125634,91999999999,0
1030,Pedro2Silva,Pedro2,Silva,Pedro2Silva@teste.com,652134,34999999999,0